"behav";"Bouts";"seconds";"ID";"animal_ID";"gender";"treatment";"genotype";"date";"test.cage";"real.time.start";"dark.start";"project.name"
"Awaken";48;110.48;"100";"7";"M";"young";"test";"08.09.2015";"1";09:08:00;18:00:00;"Tarabykin"
"Chew";11;7.32;"100";"7";"M";"young";"test";"08.09.2015";"1";09:08:00;18:00:00;"Tarabykin"
"Circle";0;0;"100";"7";"M";"young";"test";"08.09.2015";"1";09:08:00;18:00:00;"Tarabykin"
"Come Down";488;124.28;"100";"7";"M";"young";"test";"08.09.2015";"1";09:08:00;18:00:00;"Tarabykin"
"Come Down From Partially Reared";977;245.48;"100";"7";"M";"young";"test";"08.09.2015";"1";09:08:00;18:00:00;"Tarabykin"
"Come Down To Partially Reared";805;207.6;"100";"7";"M";"young";"test";"08.09.2015";"1";09:08:00;18:00:00;"Tarabykin"
"Dig";89;17.84;"100";"7";"M";"young";"test";"08.09.2015";"1";09:08:00;18:00:00;"Tarabykin"
"Drink Spout1";205;210.96;"100";"7";"M";"young";"test";"08.09.2015";"1";09:08:00;18:00:00;"Tarabykin"
"Drink Spout2";0;0;"100";"7";"M";"young";"test";"08.09.2015";"1";09:08:00;18:00:00;"Tarabykin"
"Drink Spout3";0;0;"100";"7";"M";"young";"test";"08.09.2015";"1";09:08:00;18:00:00;"Tarabykin"
"Eat Zone1";40;28.8;"100";"7";"M";"young";"test";"08.09.2015";"1";09:08:00;18:00:00;"Tarabykin"
"Eat Zone2";0;0;"100";"7";"M";"young";"test";"08.09.2015";"1";09:08:00;18:00:00;"Tarabykin"
"Eat Zone3";0;0;"100";"7";"M";"young";"test";"08.09.2015";"1";09:08:00;18:00:00;"Tarabykin"
"Forage";141;36.04;"100";"7";"M";"young";"test";"08.09.2015";"1";09:08:00;18:00:00;"Tarabykin"
"Groom";349;10651.04;"100";"7";"M";"young";"test";"08.09.2015";"1";09:08:00;18:00:00;"Tarabykin"
"Hang Cuddled";214;57.08;"100";"7";"M";"young";"test";"08.09.2015";"1";09:08:00;18:00:00;"Tarabykin"
"Hang Vertically";0;0;"100";"7";"M";"young";"test";"08.09.2015";"1";09:08:00;18:00:00;"Tarabykin"
"Hang Vertically From HangCuddled";178;47.6;"100";"7";"M";"young";"test";"08.09.2015";"1";09:08:00;18:00:00;"Tarabykin"
"Hang Vertically From Rear Up";159;40.64;"100";"7";"M";"young";"test";"08.09.2015";"1";09:08:00;18:00:00;"Tarabykin"
"Jump";53;27.16;"100";"7";"M";"young";"test";"08.09.2015";"1";09:08:00;18:00:00;"Tarabykin"
"Land Vertically";93;23.64;"100";"7";"M";"young";"test";"08.09.2015";"1";09:08:00;18:00:00;"Tarabykin"
"No Data";15;2217.64;"100";"7";"M";"young";"test";"08.09.2015";"1";09:08:00;18:00:00;"Tarabykin"
"Pause";290;2463;"100";"7";"M";"young";"test";"08.09.2015";"1";09:08:00;18:00:00;"Tarabykin"
"Rear Up";381;100.28;"100";"7";"M";"young";"test";"08.09.2015";"1";09:08:00;18:00:00;"Tarabykin"
"Rear up From Partially Reared";947;233.6;"100";"7";"M";"young";"test";"08.09.2015";"1";09:08:00;18:00:00;"Tarabykin"
"Rear up To Partially Reared";958;257.68;"100";"7";"M";"young";"test";"08.09.2015";"1";09:08:00;18:00:00;"Tarabykin"
"Remain Hang Cuddled";187;1345.44;"100";"7";"M";"young";"test";"08.09.2015";"1";09:08:00;18:00:00;"Tarabykin"
"Remain Hang Vertically";228;437.2;"100";"7";"M";"young";"test";"08.09.2015";"1";09:08:00;18:00:00;"Tarabykin"
"Remain Low";8391;14247.76;"100";"7";"M";"young";"test";"08.09.2015";"1";09:08:00;18:00:00;"Tarabykin"
"Remain Partially Reared";480;224.12;"100";"7";"M";"young";"test";"08.09.2015";"1";09:08:00;18:00:00;"Tarabykin"
"Remain RearUp";684;450.04;"100";"7";"M";"young";"test";"08.09.2015";"1";09:08:00;18:00:00;"Tarabykin"
"Repetitive Jumping";0;0;"100";"7";"M";"young";"test";"08.09.2015";"1";09:08:00;18:00:00;"Tarabykin"
"Sleep";51;41991.6;"100";"7";"M";"young";"test";"08.09.2015";"1";09:08:00;18:00:00;"Tarabykin"
"Sniff";1229;1342.08;"100";"7";"M";"young";"test";"08.09.2015";"1";09:08:00;18:00:00;"Tarabykin"
"Stationary";56;25.68;"100";"7";"M";"young";"test";"08.09.2015";"1";09:08:00;18:00:00;"Tarabykin"
"Stretch Body";483;318.56;"100";"7";"M";"young";"test";"08.09.2015";"1";09:08:00;18:00:00;"Tarabykin"
"Turn";6852;1812.28;"100";"7";"M";"young";"test";"08.09.2015";"1";09:08:00;18:00:00;"Tarabykin"
"Twitch";469;1578.28;"100";"7";"M";"young";"test";"08.09.2015";"1";09:08:00;18:00:00;"Tarabykin"
"Unknown Behavior";268;153.12;"100";"7";"M";"young";"test";"08.09.2015";"1";09:08:00;18:00:00;"Tarabykin"
"Urinate";0;0;"100";"7";"M";"young";"test";"08.09.2015";"1";09:08:00;18:00:00;"Tarabykin"
"Walk Left";790;343.28;"100";"7";"M";"young";"test";"08.09.2015";"1";09:08:00;18:00:00;"Tarabykin"
"Walk Right";811;362.36;"100";"7";"M";"young";"test";"08.09.2015";"1";09:08:00;18:00:00;"Tarabykin"
"Walk Slowly";5323;1939.48;"100";"7";"M";"young";"test";"08.09.2015";"1";09:08:00;18:00:00;"Tarabykin"
"Awaken";49;57.68;"101";"28";"M";"young";"control";"08.09.2015";"2";09:08:00;18:00:00;"Tarabykin"
"Chew";174;128.92;"101";"28";"M";"young";"control";"08.09.2015";"2";09:08:00;18:00:00;"Tarabykin"
"Circle";0;0;"101";"28";"M";"young";"control";"08.09.2015";"2";09:08:00;18:00:00;"Tarabykin"
"Come Down";160;45.12;"101";"28";"M";"young";"control";"08.09.2015";"2";09:08:00;18:00:00;"Tarabykin"
"Come Down From Partially Reared";1901;528.16;"101";"28";"M";"young";"control";"08.09.2015";"2";09:08:00;18:00:00;"Tarabykin"
"Come Down To Partially Reared";371;101.16;"101";"28";"M";"young";"control";"08.09.2015";"2";09:08:00;18:00:00;"Tarabykin"
"Dig";26;5.08;"101";"28";"M";"young";"control";"08.09.2015";"2";09:08:00;18:00:00;"Tarabykin"
"Drink Spout1";37;45.68;"101";"28";"M";"young";"control";"08.09.2015";"2";09:08:00;18:00:00;"Tarabykin"
"Drink Spout2";0;0;"101";"28";"M";"young";"control";"08.09.2015";"2";09:08:00;18:00:00;"Tarabykin"
"Drink Spout3";0;0;"101";"28";"M";"young";"control";"08.09.2015";"2";09:08:00;18:00:00;"Tarabykin"
"Eat Zone1";405;517.4;"101";"28";"M";"young";"control";"08.09.2015";"2";09:08:00;18:00:00;"Tarabykin"
"Eat Zone2";0;0;"101";"28";"M";"young";"control";"08.09.2015";"2";09:08:00;18:00:00;"Tarabykin"
"Eat Zone3";0;0;"101";"28";"M";"young";"control";"08.09.2015";"2";09:08:00;18:00:00;"Tarabykin"
"Forage";75;19.2;"101";"28";"M";"young";"control";"08.09.2015";"2";09:08:00;18:00:00;"Tarabykin"
"Groom";232;6928.4;"101";"28";"M";"young";"control";"08.09.2015";"2";09:08:00;18:00:00;"Tarabykin"
"Hang Cuddled";135;36.12;"101";"28";"M";"young";"control";"08.09.2015";"2";09:08:00;18:00:00;"Tarabykin"
"Hang Vertically";0;0;"101";"28";"M";"young";"control";"08.09.2015";"2";09:08:00;18:00:00;"Tarabykin"
"Hang Vertically From HangCuddled";116;34.16;"101";"28";"M";"young";"control";"08.09.2015";"2";09:08:00;18:00:00;"Tarabykin"
"Hang Vertically From Rear Up";246;61.16;"101";"28";"M";"young";"control";"08.09.2015";"2";09:08:00;18:00:00;"Tarabykin"
"Jump";59;26.68;"101";"28";"M";"young";"control";"08.09.2015";"2";09:08:00;18:00:00;"Tarabykin"
"Land Vertically";86;22.52;"101";"28";"M";"young";"control";"08.09.2015";"2";09:08:00;18:00:00;"Tarabykin"
"No Data";15;1437.44;"101";"28";"M";"young";"control";"08.09.2015";"2";09:08:00;18:00:00;"Tarabykin"
"Pause";355;2837.48;"101";"28";"M";"young";"control";"08.09.2015";"2";09:08:00;18:00:00;"Tarabykin"
"Rear Up";104;27.84;"101";"28";"M";"young";"control";"08.09.2015";"2";09:08:00;18:00:00;"Tarabykin"
"Rear up From Partially Reared";321;81.6;"101";"28";"M";"young";"control";"08.09.2015";"2";09:08:00;18:00:00;"Tarabykin"
"Rear up To Partially Reared";1717;490.12;"101";"28";"M";"young";"control";"08.09.2015";"2";09:08:00;18:00:00;"Tarabykin"
"Remain Hang Cuddled";105;277.44;"101";"28";"M";"young";"control";"08.09.2015";"2";09:08:00;18:00:00;"Tarabykin"
"Remain Hang Vertically";427;694.64;"101";"28";"M";"young";"control";"08.09.2015";"2";09:08:00;18:00:00;"Tarabykin"
"Remain Low";8301;17761.84;"101";"28";"M";"young";"control";"08.09.2015";"2";09:08:00;18:00:00;"Tarabykin"
"Remain Partially Reared";918;828.36;"101";"28";"M";"young";"control";"08.09.2015";"2";09:08:00;18:00:00;"Tarabykin"
"Remain RearUp";255;222.2;"101";"28";"M";"young";"control";"08.09.2015";"2";09:08:00;18:00:00;"Tarabykin"
"Repetitive Jumping";9;5.08;"101";"28";"M";"young";"control";"08.09.2015";"2";09:08:00;18:00:00;"Tarabykin"
"Sleep";51;39137.64;"101";"28";"M";"young";"control";"08.09.2015";"2";09:08:00;18:00:00;"Tarabykin"
"Sniff";649;717.48;"101";"28";"M";"young";"control";"08.09.2015";"2";09:08:00;18:00:00;"Tarabykin"
"Stationary";263;128.36;"101";"28";"M";"young";"control";"08.09.2015";"2";09:08:00;18:00:00;"Tarabykin"
"Stretch Body";1283;2149.68;"101";"28";"M";"young";"control";"08.09.2015";"2";09:08:00;18:00:00;"Tarabykin"
"Turn";7836;2253.32;"101";"28";"M";"young";"control";"08.09.2015";"2";09:08:00;18:00:00;"Tarabykin"
"Twitch";747;1704.64;"101";"28";"M";"young";"control";"08.09.2015";"2";09:08:00;18:00:00;"Tarabykin"
"Unknown Behavior";1855;2751.8;"101";"28";"M";"young";"control";"08.09.2015";"2";09:08:00;18:00:00;"Tarabykin"
"Urinate";0;0;"101";"28";"M";"young";"control";"08.09.2015";"2";09:08:00;18:00:00;"Tarabykin"
"Walk Left";579;226.04;"101";"28";"M";"young";"control";"08.09.2015";"2";09:08:00;18:00:00;"Tarabykin"
"Walk Right";639;258.44;"101";"28";"M";"young";"control";"08.09.2015";"2";09:08:00;18:00:00;"Tarabykin"
"Walk Slowly";3275;1115.68;"101";"28";"M";"young";"control";"08.09.2015";"2";09:08:00;18:00:00;"Tarabykin"
"Awaken";52;342.08;"102";"27";"M";"young";"test";"08.09.2015";"3";09:08:00;18:00:00;"Tarabykin"
"Chew";51;44.12;"102";"27";"M";"young";"test";"08.09.2015";"3";09:08:00;18:00:00;"Tarabykin"
"Circle";0;0;"102";"27";"M";"young";"test";"08.09.2015";"3";09:08:00;18:00:00;"Tarabykin"
"Come Down";294;84;"102";"27";"M";"young";"test";"08.09.2015";"3";09:08:00;18:00:00;"Tarabykin"
"Come Down From Partially Reared";749;197;"102";"27";"M";"young";"test";"08.09.2015";"3";09:08:00;18:00:00;"Tarabykin"
"Come Down To Partially Reared";334;97.44;"102";"27";"M";"young";"test";"08.09.2015";"3";09:08:00;18:00:00;"Tarabykin"
"Dig";104;20.4;"102";"27";"M";"young";"test";"08.09.2015";"3";09:08:00;18:00:00;"Tarabykin"
"Drink Spout1";4;1.56;"102";"27";"M";"young";"test";"08.09.2015";"3";09:08:00;18:00:00;"Tarabykin"
"Drink Spout2";0;0;"102";"27";"M";"young";"test";"08.09.2015";"3";09:08:00;18:00:00;"Tarabykin"
"Drink Spout3";0;0;"102";"27";"M";"young";"test";"08.09.2015";"3";09:08:00;18:00:00;"Tarabykin"
"Eat Zone1";202;154.88;"102";"27";"M";"young";"test";"08.09.2015";"3";09:08:00;18:00:00;"Tarabykin"
"Eat Zone2";0;0;"102";"27";"M";"young";"test";"08.09.2015";"3";09:08:00;18:00:00;"Tarabykin"
"Eat Zone3";0;0;"102";"27";"M";"young";"test";"08.09.2015";"3";09:08:00;18:00:00;"Tarabykin"
"Forage";279;72.8;"102";"27";"M";"young";"test";"08.09.2015";"3";09:08:00;18:00:00;"Tarabykin"
"Groom";258;6895.48;"102";"27";"M";"young";"test";"08.09.2015";"3";09:08:00;18:00:00;"Tarabykin"
"Hang Cuddled";361;105.88;"102";"27";"M";"young";"test";"08.09.2015";"3";09:08:00;18:00:00;"Tarabykin"
"Hang Vertically";0;0;"102";"27";"M";"young";"test";"08.09.2015";"3";09:08:00;18:00:00;"Tarabykin"
"Hang Vertically From HangCuddled";286;81.08;"102";"27";"M";"young";"test";"08.09.2015";"3";09:08:00;18:00:00;"Tarabykin"
"Hang Vertically From Rear Up";566;163.72;"102";"27";"M";"young";"test";"08.09.2015";"3";09:08:00;18:00:00;"Tarabykin"
"Jump";87;31.6;"102";"27";"M";"young";"test";"08.09.2015";"3";09:08:00;18:00:00;"Tarabykin"
"Land Vertically";338;98.8;"102";"27";"M";"young";"test";"08.09.2015";"3";09:08:00;18:00:00;"Tarabykin"
"No Data";113;7294.08;"102";"27";"M";"young";"test";"08.09.2015";"3";09:08:00;18:00:00;"Tarabykin"
"Pause";350;2655.92;"102";"27";"M";"young";"test";"08.09.2015";"3";09:08:00;18:00:00;"Tarabykin"
"Rear Up";291;79.04;"102";"27";"M";"young";"test";"08.09.2015";"3";09:08:00;18:00:00;"Tarabykin"
"Rear up From Partially Reared";251;63.64;"102";"27";"M";"young";"test";"08.09.2015";"3";09:08:00;18:00:00;"Tarabykin"
"Rear up To Partially Reared";604;168.6;"102";"27";"M";"young";"test";"08.09.2015";"3";09:08:00;18:00:00;"Tarabykin"
"Remain Hang Cuddled";300;702.72;"102";"27";"M";"young";"test";"08.09.2015";"3";09:08:00;18:00:00;"Tarabykin"
"Remain Hang Vertically";587;804.88;"102";"27";"M";"young";"test";"08.09.2015";"3";09:08:00;18:00:00;"Tarabykin"
"Remain Low";8718;15623.44;"102";"27";"M";"young";"test";"08.09.2015";"3";09:08:00;18:00:00;"Tarabykin"
"Remain Partially Reared";327;155.36;"102";"27";"M";"young";"test";"08.09.2015";"3";09:08:00;18:00:00;"Tarabykin"
"Remain RearUp";423;350.56;"102";"27";"M";"young";"test";"08.09.2015";"3";09:08:00;18:00:00;"Tarabykin"
"Repetitive Jumping";18;14.36;"102";"27";"M";"young";"test";"08.09.2015";"3";09:08:00;18:00:00;"Tarabykin"
"Sleep";57;37999.76;"102";"27";"M";"young";"test";"08.09.2015";"3";09:08:00;18:00:00;"Tarabykin"
"Sniff";738;883.08;"102";"27";"M";"young";"test";"08.09.2015";"3";09:08:00;18:00:00;"Tarabykin"
"Stationary";137;50.24;"102";"27";"M";"young";"test";"08.09.2015";"3";09:08:00;18:00:00;"Tarabykin"
"Stretch Body";594;641.48;"102";"27";"M";"young";"test";"08.09.2015";"3";09:08:00;18:00:00;"Tarabykin"
"Turn";4557;1233.08;"102";"27";"M";"young";"test";"08.09.2015";"3";09:08:00;18:00:00;"Tarabykin"
"Twitch";1125;2744;"102";"27";"M";"young";"test";"08.09.2015";"3";09:08:00;18:00:00;"Tarabykin"
"Unknown Behavior";1540;1245.16;"102";"27";"M";"young";"test";"08.09.2015";"3";09:08:00;18:00:00;"Tarabykin"
"Urinate";0;0;"102";"27";"M";"young";"test";"08.09.2015";"3";09:08:00;18:00:00;"Tarabykin"
"Walk Left";938;305.76;"102";"27";"M";"young";"test";"08.09.2015";"3";09:08:00;18:00:00;"Tarabykin"
"Walk Right";1015;322.28;"102";"27";"M";"young";"test";"08.09.2015";"3";09:08:00;18:00:00;"Tarabykin"
"Walk Slowly";5615;1936.64;"102";"27";"M";"young";"test";"08.09.2015";"3";09:08:00;18:00:00;"Tarabykin"
"Awaken";19;49.04;"103";"26";"M";"young";"control";"08.09.2015";"4";09:08:00;18:00:00;"Tarabykin"
"Chew";276;303;"103";"26";"M";"young";"control";"08.09.2015";"4";09:08:00;18:00:00;"Tarabykin"
"Circle";0;0;"103";"26";"M";"young";"control";"08.09.2015";"4";09:08:00;18:00:00;"Tarabykin"
"Come Down";582;155.36;"103";"26";"M";"young";"control";"08.09.2015";"4";09:08:00;18:00:00;"Tarabykin"
"Come Down From Partially Reared";3909;1019;"103";"26";"M";"young";"control";"08.09.2015";"4";09:08:00;18:00:00;"Tarabykin"
"Come Down To Partially Reared";1665;443.6;"103";"26";"M";"young";"control";"08.09.2015";"4";09:08:00;18:00:00;"Tarabykin"
"Dig";449;93.56;"103";"26";"M";"young";"control";"08.09.2015";"4";09:08:00;18:00:00;"Tarabykin"
"Drink Spout1";260;230.4;"103";"26";"M";"young";"control";"08.09.2015";"4";09:08:00;18:00:00;"Tarabykin"
"Drink Spout2";0;0;"103";"26";"M";"young";"control";"08.09.2015";"4";09:08:00;18:00:00;"Tarabykin"
"Drink Spout3";0;0;"103";"26";"M";"young";"control";"08.09.2015";"4";09:08:00;18:00:00;"Tarabykin"
"Eat Zone1";913;983.8;"103";"26";"M";"young";"control";"08.09.2015";"4";09:08:00;18:00:00;"Tarabykin"
"Eat Zone2";0;0;"103";"26";"M";"young";"control";"08.09.2015";"4";09:08:00;18:00:00;"Tarabykin"
"Eat Zone3";0;0;"103";"26";"M";"young";"control";"08.09.2015";"4";09:08:00;18:00:00;"Tarabykin"
"Forage";542;127.08;"103";"26";"M";"young";"control";"08.09.2015";"4";09:08:00;18:00:00;"Tarabykin"
"Groom";271;7028.8;"103";"26";"M";"young";"control";"08.09.2015";"4";09:08:00;18:00:00;"Tarabykin"
"Hang Cuddled";401;106.84;"103";"26";"M";"young";"control";"08.09.2015";"4";09:08:00;18:00:00;"Tarabykin"
"Hang Vertically";0;0;"103";"26";"M";"young";"control";"08.09.2015";"4";09:08:00;18:00:00;"Tarabykin"
"Hang Vertically From HangCuddled";256;69.64;"103";"26";"M";"young";"control";"08.09.2015";"4";09:08:00;18:00:00;"Tarabykin"
"Hang Vertically From Rear Up";619;159.24;"103";"26";"M";"young";"control";"08.09.2015";"4";09:08:00;18:00:00;"Tarabykin"
"Jump";198;97.92;"103";"26";"M";"young";"control";"08.09.2015";"4";09:08:00;18:00:00;"Tarabykin"
"Land Vertically";383;101.64;"103";"26";"M";"young";"control";"08.09.2015";"4";09:08:00;18:00:00;"Tarabykin"
"No Data";219;3099.04;"103";"26";"M";"young";"control";"08.09.2015";"4";09:08:00;18:00:00;"Tarabykin"
"Pause";272;2157.56;"103";"26";"M";"young";"control";"08.09.2015";"4";09:08:00;18:00:00;"Tarabykin"
"Rear Up";502;131.92;"103";"26";"M";"young";"control";"08.09.2015";"4";09:08:00;18:00:00;"Tarabykin"
"Rear up From Partially Reared";1774;438.44;"103";"26";"M";"young";"control";"08.09.2015";"4";09:08:00;18:00:00;"Tarabykin"
"Rear up To Partially Reared";3469;926.28;"103";"26";"M";"young";"control";"08.09.2015";"4";09:08:00;18:00:00;"Tarabykin"
"Remain Hang Cuddled";310;966.52;"103";"26";"M";"young";"control";"08.09.2015";"4";09:08:00;18:00:00;"Tarabykin"
"Remain Hang Vertically";656;1108.72;"103";"26";"M";"young";"control";"08.09.2015";"4";09:08:00;18:00:00;"Tarabykin"
"Remain Low";9704;13263.8;"103";"26";"M";"young";"control";"08.09.2015";"4";09:08:00;18:00:00;"Tarabykin"
"Remain Partially Reared";2320;2170.76;"103";"26";"M";"young";"control";"08.09.2015";"4";09:08:00;18:00:00;"Tarabykin"
"Remain RearUp";1327;1013.44;"103";"26";"M";"young";"control";"08.09.2015";"4";09:08:00;18:00:00;"Tarabykin"
"Repetitive Jumping";13;9.84;"103";"26";"M";"young";"control";"08.09.2015";"4";09:08:00;18:00:00;"Tarabykin"
"Sleep";20;36585.44;"103";"26";"M";"young";"control";"08.09.2015";"4";09:08:00;18:00:00;"Tarabykin"
"Sniff";2646;3454.56;"103";"26";"M";"young";"control";"08.09.2015";"4";09:08:00;18:00:00;"Tarabykin"
"Stationary";92;38.96;"103";"26";"M";"young";"control";"08.09.2015";"4";09:08:00;18:00:00;"Tarabykin"
"Stretch Body";836;753.08;"103";"26";"M";"young";"control";"08.09.2015";"4";09:08:00;18:00:00;"Tarabykin"
"Turn";7208;1921.96;"103";"26";"M";"young";"control";"08.09.2015";"4";09:08:00;18:00:00;"Tarabykin"
"Twitch";444;1121.36;"103";"26";"M";"young";"control";"08.09.2015";"4";09:08:00;18:00:00;"Tarabykin"
"Unknown Behavior";980;442.16;"103";"26";"M";"young";"control";"08.09.2015";"4";09:08:00;18:00:00;"Tarabykin"
"Urinate";0;0;"103";"26";"M";"young";"control";"08.09.2015";"4";09:08:00;18:00:00;"Tarabykin"
"Walk Left";1328;545.96;"103";"26";"M";"young";"control";"08.09.2015";"4";09:08:00;18:00:00;"Tarabykin"
"Walk Right";1447;625.64;"103";"26";"M";"young";"control";"08.09.2015";"4";09:08:00;18:00:00;"Tarabykin"
"Walk Slowly";5916;1951.88;"103";"26";"M";"young";"control";"08.09.2015";"4";09:08:00;18:00:00;"Tarabykin"
"Awaken";134;76;"104";"27";"M";"old";"test";"06.07.2016";"2";10:24:00;18:00:00;"Tarabykin"
"Chew";161;163.04;"104";"27";"M";"old";"test";"06.07.2016";"2";10:24:00;18:00:00;"Tarabykin"
"Circle";0;0;"104";"27";"M";"old";"test";"06.07.2016";"2";10:24:00;18:00:00;"Tarabykin"
"Come Down";182;49.64;"104";"27";"M";"old";"test";"06.07.2016";"2";10:24:00;18:00:00;"Tarabykin"
"Come Down From Partially Reared";1884;511.4;"104";"27";"M";"old";"test";"06.07.2016";"2";10:24:00;18:00:00;"Tarabykin"
"Come Down To Partially Reared";793;217.92;"104";"27";"M";"old";"test";"06.07.2016";"2";10:24:00;18:00:00;"Tarabykin"
"Dig";1282;338.52;"104";"27";"M";"old";"test";"06.07.2016";"2";10:24:00;18:00:00;"Tarabykin"
"Drink Spout1";186;180.84;"104";"27";"M";"old";"test";"06.07.2016";"2";10:24:00;18:00:00;"Tarabykin"
"Drink Spout2";0;0;"104";"27";"M";"old";"test";"06.07.2016";"2";10:24:00;18:00:00;"Tarabykin"
"Drink Spout3";0;0;"104";"27";"M";"old";"test";"06.07.2016";"2";10:24:00;18:00:00;"Tarabykin"
"Eat Zone1";542;646.04;"104";"27";"M";"old";"test";"06.07.2016";"2";10:24:00;18:00:00;"Tarabykin"
"Eat Zone2";0;0;"104";"27";"M";"old";"test";"06.07.2016";"2";10:24:00;18:00:00;"Tarabykin"
"Eat Zone3";0;0;"104";"27";"M";"old";"test";"06.07.2016";"2";10:24:00;18:00:00;"Tarabykin"
"Forage";1151;339.24;"104";"27";"M";"old";"test";"06.07.2016";"2";10:24:00;18:00:00;"Tarabykin"
"Groom";120;3082.6;"104";"27";"M";"old";"test";"06.07.2016";"2";10:24:00;18:00:00;"Tarabykin"
"Hang Cuddled";283;83;"104";"27";"M";"old";"test";"06.07.2016";"2";10:24:00;18:00:00;"Tarabykin"
"Hang Vertically";0;0;"104";"27";"M";"old";"test";"06.07.2016";"2";10:24:00;18:00:00;"Tarabykin"
"Hang Vertically From HangCuddled";203;58.84;"104";"27";"M";"old";"test";"06.07.2016";"2";10:24:00;18:00:00;"Tarabykin"
"Hang Vertically From Rear Up";438;116.04;"104";"27";"M";"old";"test";"06.07.2016";"2";10:24:00;18:00:00;"Tarabykin"
"Jump";78;32.6;"104";"27";"M";"old";"test";"06.07.2016";"2";10:24:00;18:00:00;"Tarabykin"
"Land Vertically";354;95.28;"104";"27";"M";"old";"test";"06.07.2016";"2";10:24:00;18:00:00;"Tarabykin"
"No Data";194;17650.4;"104";"27";"M";"old";"test";"06.07.2016";"2";10:24:00;18:00:00;"Tarabykin"
"Pause";176;1481.12;"104";"27";"M";"old";"test";"06.07.2016";"2";10:24:00;18:00:00;"Tarabykin"
"Rear Up";145;38.76;"104";"27";"M";"old";"test";"06.07.2016";"2";10:24:00;18:00:00;"Tarabykin"
"Rear up From Partially Reared";641;165.52;"104";"27";"M";"old";"test";"06.07.2016";"2";10:24:00;18:00:00;"Tarabykin"
"Rear up To Partially Reared";1637;468.36;"104";"27";"M";"old";"test";"06.07.2016";"2";10:24:00;18:00:00;"Tarabykin"
"Remain Hang Cuddled";191;182.2;"104";"27";"M";"old";"test";"06.07.2016";"2";10:24:00;18:00:00;"Tarabykin"
"Remain Hang Vertically";697;1080.44;"104";"27";"M";"old";"test";"06.07.2016";"2";10:24:00;18:00:00;"Tarabykin"
"Remain Low";7027;8755.68;"104";"27";"M";"old";"test";"06.07.2016";"2";10:24:00;18:00:00;"Tarabykin"
"Remain Partially Reared";1075;799.92;"104";"27";"M";"old";"test";"06.07.2016";"2";10:24:00;18:00:00;"Tarabykin"
"Remain RearUp";610;495.16;"104";"27";"M";"old";"test";"06.07.2016";"2";10:24:00;18:00:00;"Tarabykin"
"Repetitive Jumping";21;16.4;"104";"27";"M";"old";"test";"06.07.2016";"2";10:24:00;18:00:00;"Tarabykin"
"Sleep";141;38090.8;"104";"27";"M";"old";"test";"06.07.2016";"2";10:24:00;18:00:00;"Tarabykin"
"Sniff";1257;1258.4;"104";"27";"M";"old";"test";"06.07.2016";"2";10:24:00;18:00:00;"Tarabykin"
"Stationary";181;75.28;"104";"27";"M";"old";"test";"06.07.2016";"2";10:24:00;18:00:00;"Tarabykin"
"Stretch Body";1656;2595.16;"104";"27";"M";"old";"test";"06.07.2016";"2";10:24:00;18:00:00;"Tarabykin"
"Turn";3970;1102.92;"104";"27";"M";"old";"test";"06.07.2016";"2";10:24:00;18:00:00;"Tarabykin"
"Twitch";432;803.92;"104";"27";"M";"old";"test";"06.07.2016";"2";10:24:00;18:00:00;"Tarabykin"
"Unknown Behavior";2558;1354.4;"104";"27";"M";"old";"test";"06.07.2016";"2";10:24:00;18:00:00;"Tarabykin"
"Urinate";0;0;"104";"27";"M";"old";"test";"06.07.2016";"2";10:24:00;18:00:00;"Tarabykin"
"Walk Left";1003;352.64;"104";"27";"M";"old";"test";"06.07.2016";"2";10:24:00;18:00:00;"Tarabykin"
"Walk Right";1093;377.16;"104";"27";"M";"old";"test";"06.07.2016";"2";10:24:00;18:00:00;"Tarabykin"
"Walk Slowly";3994;1370.56;"104";"27";"M";"old";"test";"06.07.2016";"2";10:24:00;18:00:00;"Tarabykin"
"Awaken";43;116.12;"105";"26";"M";"old";"control";"06.07.2016";"3";10:24:00;18:00:00;"Tarabykin"
"Chew";193;146.72;"105";"26";"M";"old";"control";"06.07.2016";"3";10:24:00;18:00:00;"Tarabykin"
"Circle";0;0;"105";"26";"M";"old";"control";"06.07.2016";"3";10:24:00;18:00:00;"Tarabykin"
"Come Down";3143;959.6;"105";"26";"M";"old";"control";"06.07.2016";"3";10:24:00;18:00:00;"Tarabykin"
"Come Down From Partially Reared";240;66.48;"105";"26";"M";"old";"control";"06.07.2016";"3";10:24:00;18:00:00;"Tarabykin"
"Come Down To Partially Reared";115;34.84;"105";"26";"M";"old";"control";"06.07.2016";"3";10:24:00;18:00:00;"Tarabykin"
"Dig";3294;788.56;"105";"26";"M";"old";"control";"06.07.2016";"3";10:24:00;18:00:00;"Tarabykin"
"Drink Spout1";0;0;"105";"26";"M";"old";"control";"06.07.2016";"3";10:24:00;18:00:00;"Tarabykin"
"Drink Spout2";0;0;"105";"26";"M";"old";"control";"06.07.2016";"3";10:24:00;18:00:00;"Tarabykin"
"Drink Spout3";0;0;"105";"26";"M";"old";"control";"06.07.2016";"3";10:24:00;18:00:00;"Tarabykin"
"Eat Zone1";1196;1100.6;"105";"26";"M";"old";"control";"06.07.2016";"3";10:24:00;18:00:00;"Tarabykin"
"Eat Zone2";0;0;"105";"26";"M";"old";"control";"06.07.2016";"3";10:24:00;18:00:00;"Tarabykin"
"Eat Zone3";0;0;"105";"26";"M";"old";"control";"06.07.2016";"3";10:24:00;18:00:00;"Tarabykin"
"Forage";2575;578.28;"105";"26";"M";"old";"control";"06.07.2016";"3";10:24:00;18:00:00;"Tarabykin"
"Groom";278;7365.2;"105";"26";"M";"old";"control";"06.07.2016";"3";10:24:00;18:00:00;"Tarabykin"
"Hang Cuddled";490;142.68;"105";"26";"M";"old";"control";"06.07.2016";"3";10:24:00;18:00:00;"Tarabykin"
"Hang Vertically";0;0;"105";"26";"M";"old";"control";"06.07.2016";"3";10:24:00;18:00:00;"Tarabykin"
"Hang Vertically From HangCuddled";316;96.6;"105";"26";"M";"old";"control";"06.07.2016";"3";10:24:00;18:00:00;"Tarabykin"
"Hang Vertically From Rear Up";1846;477.92;"105";"26";"M";"old";"control";"06.07.2016";"3";10:24:00;18:00:00;"Tarabykin"
"Jump";157;79.52;"105";"26";"M";"old";"control";"06.07.2016";"3";10:24:00;18:00:00;"Tarabykin"
"Land Vertically";830;222.4;"105";"26";"M";"old";"control";"06.07.2016";"3";10:24:00;18:00:00;"Tarabykin"
"No Data";132;1986.72;"105";"26";"M";"old";"control";"06.07.2016";"3";10:24:00;18:00:00;"Tarabykin"
"Pause";249;1921.88;"105";"26";"M";"old";"control";"06.07.2016";"3";10:24:00;18:00:00;"Tarabykin"
"Rear Up";2785;718.12;"105";"26";"M";"old";"control";"06.07.2016";"3";10:24:00;18:00:00;"Tarabykin"
"Rear up From Partially Reared";21;5.24;"105";"26";"M";"old";"control";"06.07.2016";"3";10:24:00;18:00:00;"Tarabykin"
"Rear up To Partially Reared";138;41.24;"105";"26";"M";"old";"control";"06.07.2016";"3";10:24:00;18:00:00;"Tarabykin"
"Remain Hang Cuddled";247;373;"105";"26";"M";"old";"control";"06.07.2016";"3";10:24:00;18:00:00;"Tarabykin"
"Remain Hang Vertically";2749;4757.6;"105";"26";"M";"old";"control";"06.07.2016";"3";10:24:00;18:00:00;"Tarabykin"
"Remain Low";15549;20559;"105";"26";"M";"old";"control";"06.07.2016";"3";10:24:00;18:00:00;"Tarabykin"
"Remain Partially Reared";37;14.56;"105";"26";"M";"old";"control";"06.07.2016";"3";10:24:00;18:00:00;"Tarabykin"
"Remain RearUp";1443;749.12;"105";"26";"M";"old";"control";"06.07.2016";"3";10:24:00;18:00:00;"Tarabykin"
"Repetitive Jumping";10;7.56;"105";"26";"M";"old";"control";"06.07.2016";"3";10:24:00;18:00:00;"Tarabykin"
"Sleep";47;29001.84;"105";"26";"M";"old";"control";"06.07.2016";"3";10:24:00;18:00:00;"Tarabykin"
"Sniff";901;546.72;"105";"26";"M";"old";"control";"06.07.2016";"3";10:24:00;18:00:00;"Tarabykin"
"Stationary";83;32.8;"105";"26";"M";"old";"control";"06.07.2016";"3";10:24:00;18:00:00;"Tarabykin"
"Stretch Body";861;788.36;"105";"26";"M";"old";"control";"06.07.2016";"3";10:24:00;18:00:00;"Tarabykin"
"Turn";9612;2583.6;"105";"26";"M";"old";"control";"06.07.2016";"3";10:24:00;18:00:00;"Tarabykin"
"Twitch";645;1678.12;"105";"26";"M";"old";"control";"06.07.2016";"3";10:24:00;18:00:00;"Tarabykin"
"Unknown Behavior";2581;1549.56;"105";"26";"M";"old";"control";"06.07.2016";"3";10:24:00;18:00:00;"Tarabykin"
"Urinate";0;0;"105";"26";"M";"old";"control";"06.07.2016";"3";10:24:00;18:00:00;"Tarabykin"
"Walk Left";2222;963.92;"105";"26";"M";"old";"control";"06.07.2016";"3";10:24:00;18:00:00;"Tarabykin"
"Walk Right";2251;991.44;"105";"26";"M";"old";"control";"06.07.2016";"3";10:24:00;18:00:00;"Tarabykin"
"Walk Slowly";10468;3598.92;"105";"26";"M";"old";"control";"06.07.2016";"3";10:24:00;18:00:00;"Tarabykin"
"Awaken";44;67.72;"106";"28";"M";"old";"control";"06.07.2016";"4";10:24:00;18:00:00;"Tarabykin"
"Chew";923;954.6;"106";"28";"M";"old";"control";"06.07.2016";"4";10:24:00;18:00:00;"Tarabykin"
"Circle";0;0;"106";"28";"M";"old";"control";"06.07.2016";"4";10:24:00;18:00:00;"Tarabykin"
"Come Down";585;148.04;"106";"28";"M";"old";"control";"06.07.2016";"4";10:24:00;18:00:00;"Tarabykin"
"Come Down From Partially Reared";2835;727.12;"106";"28";"M";"old";"control";"06.07.2016";"4";10:24:00;18:00:00;"Tarabykin"
"Come Down To Partially Reared";1172;292.88;"106";"28";"M";"old";"control";"06.07.2016";"4";10:24:00;18:00:00;"Tarabykin"
"Dig";381;80.12;"106";"28";"M";"old";"control";"06.07.2016";"4";10:24:00;18:00:00;"Tarabykin"
"Drink Spout1";75;50.76;"106";"28";"M";"old";"control";"06.07.2016";"4";10:24:00;18:00:00;"Tarabykin"
"Drink Spout2";0;0;"106";"28";"M";"old";"control";"06.07.2016";"4";10:24:00;18:00:00;"Tarabykin"
"Drink Spout3";0;0;"106";"28";"M";"old";"control";"06.07.2016";"4";10:24:00;18:00:00;"Tarabykin"
"Eat Zone1";2173;2725.52;"106";"28";"M";"old";"control";"06.07.2016";"4";10:24:00;18:00:00;"Tarabykin"
"Eat Zone2";0;0;"106";"28";"M";"old";"control";"06.07.2016";"4";10:24:00;18:00:00;"Tarabykin"
"Eat Zone3";0;0;"106";"28";"M";"old";"control";"06.07.2016";"4";10:24:00;18:00:00;"Tarabykin"
"Forage";529;136.96;"106";"28";"M";"old";"control";"06.07.2016";"4";10:24:00;18:00:00;"Tarabykin"
"Groom";278;7339.64;"106";"28";"M";"old";"control";"06.07.2016";"4";10:24:00;18:00:00;"Tarabykin"
"Hang Cuddled";73;19.48;"106";"28";"M";"old";"control";"06.07.2016";"4";10:24:00;18:00:00;"Tarabykin"
"Hang Vertically";0;0;"106";"28";"M";"old";"control";"06.07.2016";"4";10:24:00;18:00:00;"Tarabykin"
"Hang Vertically From HangCuddled";53;14.64;"106";"28";"M";"old";"control";"06.07.2016";"4";10:24:00;18:00:00;"Tarabykin"
"Hang Vertically From Rear Up";163;41.08;"106";"28";"M";"old";"control";"06.07.2016";"4";10:24:00;18:00:00;"Tarabykin"
"Jump";165;86.8;"106";"28";"M";"old";"control";"06.07.2016";"4";10:24:00;18:00:00;"Tarabykin"
"Land Vertically";104;27.36;"106";"28";"M";"old";"control";"06.07.2016";"4";10:24:00;18:00:00;"Tarabykin"
"No Data";37;488.12;"106";"28";"M";"old";"control";"06.07.2016";"4";10:24:00;18:00:00;"Tarabykin"
"Pause";331;2711.36;"106";"28";"M";"old";"control";"06.07.2016";"4";10:24:00;18:00:00;"Tarabykin"
"Rear Up";315;81.6;"106";"28";"M";"old";"control";"06.07.2016";"4";10:24:00;18:00:00;"Tarabykin"
"Rear up From Partially Reared";1349;326.72;"106";"28";"M";"old";"control";"06.07.2016";"4";10:24:00;18:00:00;"Tarabykin"
"Rear up To Partially Reared";2502;666.64;"106";"28";"M";"old";"control";"06.07.2016";"4";10:24:00;18:00:00;"Tarabykin"
"Remain Hang Cuddled";54;355.76;"106";"28";"M";"old";"control";"06.07.2016";"4";10:24:00;18:00:00;"Tarabykin"
"Remain Hang Vertically";131;105;"106";"28";"M";"old";"control";"06.07.2016";"4";10:24:00;18:00:00;"Tarabykin"
"Remain Low";10807;15769.64;"106";"28";"M";"old";"control";"06.07.2016";"4";10:24:00;18:00:00;"Tarabykin"
"Remain Partially Reared";1187;678.72;"106";"28";"M";"old";"control";"06.07.2016";"4";10:24:00;18:00:00;"Tarabykin"
"Remain RearUp";578;349.36;"106";"28";"M";"old";"control";"06.07.2016";"4";10:24:00;18:00:00;"Tarabykin"
"Repetitive Jumping";4;3.96;"106";"28";"M";"old";"control";"06.07.2016";"4";10:24:00;18:00:00;"Tarabykin"
"Sleep";45;40350.72;"106";"28";"M";"old";"control";"06.07.2016";"4";10:24:00;18:00:00;"Tarabykin"
"Sniff";2116;2209.8;"106";"28";"M";"old";"control";"06.07.2016";"4";10:24:00;18:00:00;"Tarabykin"
"Stationary";109;48.72;"106";"28";"M";"old";"control";"06.07.2016";"4";10:24:00;18:00:00;"Tarabykin"
"Stretch Body";794;665.48;"106";"28";"M";"old";"control";"06.07.2016";"4";10:24:00;18:00:00;"Tarabykin"
"Turn";8036;2094.68;"106";"28";"M";"old";"control";"06.07.2016";"4";10:24:00;18:00:00;"Tarabykin"
"Twitch";561;1799.96;"106";"28";"M";"old";"control";"06.07.2016";"4";10:24:00;18:00:00;"Tarabykin"
"Unknown Behavior";752;354.72;"106";"28";"M";"old";"control";"06.07.2016";"4";10:24:00;18:00:00;"Tarabykin"
"Urinate";0;0;"106";"28";"M";"old";"control";"06.07.2016";"4";10:24:00;18:00:00;"Tarabykin"
"Walk Left";928;426.28;"106";"28";"M";"old";"control";"06.07.2016";"4";10:24:00;18:00:00;"Tarabykin"
"Walk Right";1004;412.08;"106";"28";"M";"old";"control";"06.07.2016";"4";10:24:00;18:00:00;"Tarabykin"
"Walk Slowly";7032;2386.04;"106";"28";"M";"old";"control";"06.07.2016";"4";10:24:00;18:00:00;"Tarabykin"
"Awaken";47;141.92;"107";"7";"M";"old";"test";"07.07.2016";"3";10:32:00;18:00:00;"Tarabykin"
"Chew";134;121.88;"107";"7";"M";"old";"test";"07.07.2016";"3";10:32:00;18:00:00;"Tarabykin"
"Circle";0;0;"107";"7";"M";"old";"test";"07.07.2016";"3";10:32:00;18:00:00;"Tarabykin"
"Come Down";651;179.36;"107";"7";"M";"old";"test";"07.07.2016";"3";10:32:00;18:00:00;"Tarabykin"
"Come Down From Partially Reared";13;4.16;"107";"7";"M";"old";"test";"07.07.2016";"3";10:32:00;18:00:00;"Tarabykin"
"Come Down To Partially Reared";1;0.28;"107";"7";"M";"old";"test";"07.07.2016";"3";10:32:00;18:00:00;"Tarabykin"
"Dig";971;223;"107";"7";"M";"old";"test";"07.07.2016";"3";10:32:00;18:00:00;"Tarabykin"
"Drink Spout1";0;0;"107";"7";"M";"old";"test";"07.07.2016";"3";10:32:00;18:00:00;"Tarabykin"
"Drink Spout2";0;0;"107";"7";"M";"old";"test";"07.07.2016";"3";10:32:00;18:00:00;"Tarabykin"
"Drink Spout3";0;0;"107";"7";"M";"old";"test";"07.07.2016";"3";10:32:00;18:00:00;"Tarabykin"
"Eat Zone1";357;370.72;"107";"7";"M";"old";"test";"07.07.2016";"3";10:32:00;18:00:00;"Tarabykin"
"Eat Zone2";0;0;"107";"7";"M";"old";"test";"07.07.2016";"3";10:32:00;18:00:00;"Tarabykin"
"Eat Zone3";0;0;"107";"7";"M";"old";"test";"07.07.2016";"3";10:32:00;18:00:00;"Tarabykin"
"Forage";717;153.48;"107";"7";"M";"old";"test";"07.07.2016";"3";10:32:00;18:00:00;"Tarabykin"
"Groom";458;15002.56;"107";"7";"M";"old";"test";"07.07.2016";"3";10:32:00;18:00:00;"Tarabykin"
"Hang Cuddled";76;24.28;"107";"7";"M";"old";"test";"07.07.2016";"3";10:32:00;18:00:00;"Tarabykin"
"Hang Vertically";0;0;"107";"7";"M";"old";"test";"07.07.2016";"3";10:32:00;18:00:00;"Tarabykin"
"Hang Vertically From HangCuddled";53;17.16;"107";"7";"M";"old";"test";"07.07.2016";"3";10:32:00;18:00:00;"Tarabykin"
"Hang Vertically From Rear Up";301;76.8;"107";"7";"M";"old";"test";"07.07.2016";"3";10:32:00;18:00:00;"Tarabykin"
"Jump";16;8.12;"107";"7";"M";"old";"test";"07.07.2016";"3";10:32:00;18:00:00;"Tarabykin"
"Land Vertically";150;39.36;"107";"7";"M";"old";"test";"07.07.2016";"3";10:32:00;18:00:00;"Tarabykin"
"No Data";18;981.68;"107";"7";"M";"old";"test";"07.07.2016";"3";10:32:00;18:00:00;"Tarabykin"
"Pause";256;1997.44;"107";"7";"M";"old";"test";"07.07.2016";"3";10:32:00;18:00:00;"Tarabykin"
"Rear Up";642;164.12;"107";"7";"M";"old";"test";"07.07.2016";"3";10:32:00;18:00:00;"Tarabykin"
"Rear up From Partially Reared";0;0;"107";"7";"M";"old";"test";"07.07.2016";"3";10:32:00;18:00:00;"Tarabykin"
"Rear up To Partially Reared";7;2.08;"107";"7";"M";"old";"test";"07.07.2016";"3";10:32:00;18:00:00;"Tarabykin"
"Remain Hang Cuddled";25;13.08;"107";"7";"M";"old";"test";"07.07.2016";"3";10:32:00;18:00:00;"Tarabykin"
"Remain Hang Vertically";380;401.12;"107";"7";"M";"old";"test";"07.07.2016";"3";10:32:00;18:00:00;"Tarabykin"
"Remain Low";8498;17497.56;"107";"7";"M";"old";"test";"07.07.2016";"3";10:32:00;18:00:00;"Tarabykin"
"Remain Partially Reared";4;3.44;"107";"7";"M";"old";"test";"07.07.2016";"3";10:32:00;18:00:00;"Tarabykin"
"Remain RearUp";386;223.52;"107";"7";"M";"old";"test";"07.07.2016";"3";10:32:00;18:00:00;"Tarabykin"
"Repetitive Jumping";0;0;"107";"7";"M";"old";"test";"07.07.2016";"3";10:32:00;18:00:00;"Tarabykin"
"Sleep";49;40358;"107";"7";"M";"old";"test";"07.07.2016";"3";10:32:00;18:00:00;"Tarabykin"
"Sniff";389;286.76;"107";"7";"M";"old";"test";"07.07.2016";"3";10:32:00;18:00:00;"Tarabykin"
"Stationary";25;9.72;"107";"7";"M";"old";"test";"07.07.2016";"3";10:32:00;18:00:00;"Tarabykin"
"Stretch Body";338;401.92;"107";"7";"M";"old";"test";"07.07.2016";"3";10:32:00;18:00:00;"Tarabykin"
"Turn";4232;1127.96;"107";"7";"M";"old";"test";"07.07.2016";"3";10:32:00;18:00:00;"Tarabykin"
"Twitch";565;1597.2;"107";"7";"M";"old";"test";"07.07.2016";"3";10:32:00;18:00:00;"Tarabykin"
"Unknown Behavior";658;435.08;"107";"7";"M";"old";"test";"07.07.2016";"3";10:32:00;18:00:00;"Tarabykin"
"Urinate";0;0;"107";"7";"M";"old";"test";"07.07.2016";"3";10:32:00;18:00:00;"Tarabykin"
"Walk Left";402;133;"107";"7";"M";"old";"test";"07.07.2016";"3";10:32:00;18:00:00;"Tarabykin"
"Walk Right";398;147.4;"107";"7";"M";"old";"test";"07.07.2016";"3";10:32:00;18:00:00;"Tarabykin"
"Walk Slowly";6017;2117.52;"107";"7";"M";"old";"test";"07.07.2016";"3";10:32:00;18:00:00;"Tarabykin"
